{
    "CFG_RAINBOW_SWORD_INNER_ENABLED": "03481C03",
    "CFG_RAINBOW_SWORD_OUTER_ENABLED": "03481C04",
    "CS_POINTER": "03481C05",
    "DPAD_TEXTURE": "034B61CE",
    "EXTENDED_ITEM_DATA": "03482008",
    "FAIRY_ITEMS": "03481C0F",
    "FAIRY_OCARINA_ITEM": "03481C0E",
    "FONT_TEXTURE": "034B4D06",
    "INITIAL_SAVE_DATA": "03481800",
    "ITEM_OVERRIDES": "03481000",
    "ITEM_TABLE": "03482050",
    "JABU_ENABLE": "03481C02",
    "LIGHT_ARROW_ITEM": "03481C0D",
    "PENDING_SPECIAL_ITEM": "03482018",
    "PENDING_SPECIAL_ITEM_END": "0348201B",
    "PLAYER_ID": "03481C00",
    "PLAYER_OVERRIDE_DATA": "03482000",
    "QUICKBOOTS_ENABLE": "03481C01",
    "TIME_TRAVEL_SAVED_EQUIPS": "0348201C",
    "cfg_dungeon_info_enable": "034B4CB8",
    "cfg_dungeon_info_mq_enable": "034B4CD0",
    "cfg_dungeon_info_mq_need_map": "034B4CCC",
    "cfg_dungeon_info_reward_need_altar": "034B4CC4",
    "cfg_dungeon_info_reward_need_compass": "034B4CC8",
    "cfg_dungeon_is_mq": "034B4CF8",
    "cfg_dungeon_rewards": "034B4BE0",
    "dpad_sprite": "034B4B80",
    "dungeon_count": "034B4CBC",
    "dungeons": "034B4C04",
    "font_sprite": "034B4B90",
    "heap_next": "034B4CC0",
    "items_sprite": "034B4BB0",
    "medal_colors": "034B4BF0",
    "medals_sprite": "034B4BC0",
    "quest_items_sprite": "034B4BA0",
    "setup_db": "034B4CE8",
    "stones_sprite": "034B4BD0"
}